id,first_name,last_name,age,company_name,address,city,county,phone1,email
1,James,Butt,30,"Benton, John B Jr",6649 N Blue Gum St,New Orleans,Orleans,504-621-8927,jbutt@gmail.com
2,Josephine,Darakjy,32,"Chanay, Jeffrey A Esq",4 B Blue Ridge Blvd,Brighton,Livingston,810-292-9388,josephine_darakjy@darakjy.org
3,Art,Venere,36,"Chemel, James L Cpa",8 W Cerritos Ave #54,Bridgeport,Gloucester,856-636-8749,art@venere.org
4,Lenna,Paprocki,34,Feltz Printing Service,639 Main St,Anchorage,Anchorage,907-385-4412,lpaprocki@hotmail.com
5,Donette,Foller,52,Printing Dimensions,34 Center St,Hamilton,Butler,513-570-1893,donette.foller@cox.net
6,Simona,Morasca,89,"Chapman, Ross E Esq",3 Mcauley Dr,Ashland,Ashland,419-503-2484,simona@morasca.com
7,Mitsue,Tollner,50,Morlong Associates,7 Eads St,Chicago,Cook,773-573-6914,mitsue_tollneryahoo.com
8,Leota,Dilliard,45,Commercial Press,7 W Jackson Blvd,San Jose,Santa Clara,408-752-3500,leota@hotmailcom
9,Sage,Wieser,63,Truhlar And Truhlar Attys,5 Boston Ave #88,Sioux Falls,Minnehaha,605-414-2147,sage_wieser@cox.net
10,Kris,Marrier,87,"King, Christopher A Esq",228 Runamuck Pl #2808,Baltimore,Baltimore City,410-655-8723,kris@gmailcom
11,Minna,Amigon,23,"Dorl, James J Esq",2371 Jerrold Ave,Kulpsville,Montgomery,215-874-1229,minna_amigon@yahoo.com
12,Abel,Maclead,69,Rangoni Of Florence,37275 St  Rt 17m M,Middle Island,Suffolk,631-335-3414,amaclead@gmail.com
13,Kiley,Caldarera,20,Feiner Bros,25 E 75th St #69,Los Angeles,Los Angeles,310-498-5651,kiley.caldarera@aol.com
14,Graciela,Ruta,22,Buckley Miller & Wright,98 Connecticut Ave Nw,Chagrin Falls,Geauga,440-780-8425,gruta@cox.net
15,Cammy,Albares,23,"Rousseaux, Michael Esq",56 E Morehead St,Laredo,Webb,956-537-6195,calbares@gmail.com
16,Mattie,Poquette,36,Century Communications,73 State Road 434 E,Phoenix,Maricopa,602-277-4385,mattie@aol.com
17,Meaghan,Garufi,24,"Bolton, Wilbur Esq",69734 E Carrillo St,Mc Minnville,Warren,931-313-9635,meaghan@hotmail.com
18,Gladys,Rim,25,T M Byxbee Company Pc,322 New Horizon Blvd,Milwaukee,Milwaukee,414-661-9598,gladys.rim@rim.org
19,Yuki,Whobrey,29,Farmers Insurance Group,1 State Route 27,Taylor,Wayne,313-288-7937,yuki_whobrey@aol.com
20,Fletcher,Flosi,28,Post Box Services Plus,394 Manchester Blvd,Rockford,Winnebago,815-828-2147,fletcher.flosi@yahoo.com
21,Bette,Nicka,30,Sport En Art,6 S 33rd St,Aston,Delaware,610-545-3615,bette_nicka@cox.net
22,Veronika,Inouye,56,C 4 Network Inc,6 Greenleaf Ave,San Jose,Santa Clara,408-540-1785,vinouye@aol.com
23,Willard,Kolmetz,51,"Ingalls, Donald R Esq",618 W Yakima Ave,Irving,Dallas,972-303-9197,willard@hotmail.com
24,Maryann,Royster,52,"Franklin, Peter L Esq",74 S Westgate St,Albany,Albany,518-966-7987,mroyster@royster.com
25,Alisha,Slusarski,53,Wtlz Power 107 Fm,3273 State St,Middlesex,Middlesex,732-658-3154,alisha@slusarski.com
26,Allene,Iturbide,75,"Ledecky, David Esq",1 Central Ave,Stevens Point,Portage,715-662-6764,allene_iturbide@cox.net
27,Chanel,Caudy,82,Professional Image Inc,86 Nw 66th St #8673,Shawnee,Johnson,913-388-2079,chanel.caudy@caudy.org
28,Ezekiel,Chui,96,"Sider, Donald C Esq",2 Cedar Ave #84,Easton,Talbot,410-669-1642,ezekiel@chui.com
29,Willow,Kusko,42,U Pull It,90991 Thorburn Ave,New York,New York,212-582-4976,wkusko@yahoo.com
30,Bernardo,Figeroa,61,"Clark, Richard Cpa",386 9th Ave N,Conroe,Montgomery,936-336-3951,bfigeroa@aol.com
31,Ammie,Corrio,94,"Moskowitz, Barry S",74874 Atlantic Ave,Columbus,Franklin,614-801-9788,ammie@corrio.com
32,Francine,Vocelka,99,Cascade Realty Advisors Inc,366 South Dr,Las Cruces,Dona Ana,505-977-3911,francine_vocelka@vocelka.com
33,Ernie,Stenseth,56,Knwz Newsradio,45 E Liberty St,Ridgefield Park,Bergen,201-709-6245,ernie_stenseth@aol.com
34,Albina,Glick,23,"Giampetro, Anthony D",4 Ralph Ct,Dunellen,Middlesex,732-924-7882,albina@glick.com
35,Alishia,Sergi,42,Milford Enterprises Inc,2742 Distribution Way,New York,New York,212-860-1579,asergi@gmail.com
36,Solange,Shinko,45,"Mosocco, Ronald A",426 Wolf St,Metairie,Jefferson,504-979-9175,solange@shinko.com
37,Jose,Stockham,78,Tri State Refueler Co,128 Bransten Rd,New York,New York,212-675-8570,jose@yahoo.com
38,Rozella,Ostrosky,22,Parkway Company,17 Morena Blvd,Camarillo,Ventura,805-832-6163,rozella.ostrosky@ostrosky.com
39,Valentine,Gillian,20,Fbs Business Finance,775 W 17th St,San Antonio,Bexar,210-812-9597,valentine_gillian@gmail.com
40,Kati,Rulapaugh,25,Eder Assocs Consltng Engrs Pc,6980 Dorsett Rd,Abilene,Dickinson,785-463-7829,kati.rulapaugh@hotmail.com
41,Youlanda,Schemmer,23,Tri M Tool Inc,2881 Lewis Rd,Prineville,Crook,541-548-8197,youlanda@aol.com
42,Dyan,Oldroyd,35,International Eyelets Inc,7219 Woodfield Rd,Overland Park,Johnson,913-413-4604,doldroyd@aol.com
43,Roxane,Campain,73,Rapid Trading Intl,1048 Main St,Fairbanks,Fairbanks North Star,907-231-4722,roxane@hotmail.com
44,Lavera,Perin,83,Abc Enterprises Inc,678 3rd Ave,Miami,Miami-Dade,305-606-7291,lperin@perin.org
45,Erick,Ferencz,93,Cindy Turner Associates,20 S Babcock St,Fairbanks,Fairbanks North Star,907-741-1044,erick.ferencz@aol.com
46,Fatima,Saylors,56,"Stanton, James D Esq",2 Lighthouse Ave,Hopkins,Hennepin,952-768-2416,fsaylors@saylors.org
47,Jina,Briddick,42,Grace Pastries Inc,38938 Park Blvd,Boston,Suffolk,617-399-5124,jina_briddick@briddick.com
48,Kanisha,Waycott,75,"Schroer, Gene E Esq",5 Tomahawk Dr,Los Angeles,Los Angeles,323-453-2780,kanisha_waycott@yahoo.com
49,Emerson,Bowley,85,Knights Inn,762 S Main St,Madison,Dane,608-336-7444,emerson.bowley@bowley.org
50,Blair,Malet,96,Bollinger Mach Shp & Shipyard,209 Decker Dr,Philadelphia,Philadelphia,215-907-9111,bmalet@yahoo.com
51,Brock,Bolognia,20,Orinda News,4486 W O St #1,New York,New York,212-402-9216,bbolognia@yahoo.com
52,Lorrie,Nestle,28,Ballard Spahr Andrews,39 S 7th St,Tullahoma,Coffee,931-875-6644,lnestle@hotmail.com
53,Sabra,Uyetake,56,Lowy Limousine Service,98839 Hawthorne Blvd #6101,Columbia,Richland,803-925-5213,sabra@uyetake.org
54,Marjory,Mastella,42,Vicon Corporation,71 San Mateo Ave,Wayne,Delaware,610-814-5533,mmastella@mastella.com
55,Karl,Klonowski,36,"Rossi, Michael M",76 Brooks St #9,Flemington,Hunterdon,908-877-6135,karl_klonowski@yahoo.com
56,Tonette,Wenner,45,Northwest Publishing,4545 Courthouse Rd,Westbury,Nassau,516-968-6051,twenner@aol.com
57,Amber,Monarrez,89,Branford Wire & Mfg Co,14288 Foster Ave #4121,Jenkintown,Montgomery,215-934-8655,amber_monarrez@monarrez.org
58,Shenika,Seewald,87,East Coast Marketing,4 Otis St,Van Nuys,Los Angeles,818-423-4007,shenika@gmail.com
59,Delmy,Ahle,82,Wye Technologies Inc,65895 S 16th St,Providence,Providence,401-458-2547,delmy.ahle@hotmail.com
60,Deeanna,Juhas,50,"Healy, George W Iv",14302 Pennsylvania Ave,Huntingdon Valley,Montgomery,215-211-9589,deeanna_juhas@gmail.com
61,Blondell,Pugh,76,Alpenlite Inc,201 Hawk Ct,Providence,Providence,401-960-8259,bpugh@aol.com
62,Jamal,Vanausdal,72,"Hubbard, Bruce Esq",53075 Sw 152nd Ter #615,Monroe Township,Middlesex,732-234-1546,jamal@vanausdal.org
63,Cecily,Hollack,94,Arthur A Oliver & Son Inc,59 N Groesbeck Hwy,Austin,Travis,512-486-3817,cecily@hollack.org
64,Carmelina,Lindall,42,George Jessop Carter Jewelers,2664 Lewis Rd,Littleton,Douglas,303-724-7371,carmelina_lindall@lindall.com
65,Maurine,Yglesias,53,"Schultz, Thomas C Md",59 Shady Ln #53,Milwaukee,Milwaukee,414-748-1374,maurine_yglesias@yglesias.com
66,Tawna,Buvens,56,H H H Enterprises Inc,3305 Nabell Ave #679,New York,New York,212-674-9610,tawna@gmail.com
67,Penney,Weight,90,Hawaiian King Hotel,18 Fountain St,Anchorage,Anchorage,907-797-9628,penney_weight@aol.com
68,Elly,Morocco,56,Killion Industries,7 W 32nd St,Erie,Erie,814-393-5571,elly_morocco@gmail.com
69,Ilene,Eroman,45,"Robinson, William J Esq",2853 S Central Expy,Glen Burnie,Anne Arundel,410-914-9018,ilene.eroman@hotmail.com
70,Vallie,Mondella,78,Private Properties,74 W College St,Boise,Ada,208-862-5339,vmondella@mondella.com
71,Kallie,Blackwood,95,Rowley Schlimgen Inc,701 S Harrison Rd,San Francisco,San Francisco,415-315-2761,kallie.blackwood@gmail.com
72,Johnetta,Abdallah,88,Forging Specialties,1088 Pinehurst St,Chapel Hill,Orange,919-225-9345,johnetta_abdallah@aol.com
73,Bobbye,Rhym,55,"Smits, Patricia Garity",30 W 80th St #1995,San Carlos,San Mateo,650-528-5783,brhym@rhym.com
74,Micaela,Rhymes,46,H Lee Leonard Attorney At Law,20932 Hedley St,Concord,Contra Costa,925-647-3298,micaela_rhymes@gmail.com
75,Tamar,Hoogland,32,A K Construction Co,2737 Pistorio Rd #9230,London,Madison,740-343-8575,tamar@hotmail.com
76,Moon,Parlato,65,"Ambelang, Jessica M Md",74989 Brandon St,Wellsville,Allegany,585-866-8313,moon@yahoo.com
77,Laurel,Reitler,78,Q A Service,6 Kains Ave,Baltimore,Baltimore City,410-520-4832,laurel_reitler@reitler.com
78,Delisa,Crupi,25,Wood & Whitacre Contractors,47565 W Grand Ave,Newark,Essex,973-354-2040,delisa.crupi@crupi.com
79,Viva,Toelkes,30,Mark Iv Press Ltd,4284 Dorigo Ln,Chicago,Cook,773-446-5569,viva.toelkes@gmail.com
80,Elza,Lipke,40,Museum Of Science & Industry,6794 Lake Dr E,Newark,Essex,973-927-3447,elza@yahoo.com
81,Devorah,Chickering,50,Garrison Ind,31 Douglas Blvd #950,Clovis,Curry,505-975-8559,devorah@hotmail.com
82,Timothy,Mulqueen,60,Saronix Nymph Products,44 W 4th St,Staten Island,Richmond,718-332-6527,timothy_mulqueen@mulqueen.org
83,Arlette,Honeywell,45,Smc Inc,11279 Loytan St,Jacksonville,Duval,904-775-4480,ahoneywell@honeywell.com
84,Dominque,Dickerson,23,E A I Electronic Assocs Inc,69 Marquette Ave,Hayward,Alameda,510-993-3758,dominque.dickerson@dickerson.org
85,Lettie,Isenhower,54,"Conte, Christopher A Esq",70 W Main St,Beachwood,Cuyahoga,216-657-7668,lettie_isenhower@yahoo.com
86,Myra,Munns,78,Anker Law Office,461 Prospect Pl #316,Euless,Tarrant,817-914-7518,mmunns@cox.net
87,Stephaine,Barfield,50,Beutelschies & Company,47154 Whipple Ave Nw,Gardena,Los Angeles,310-774-7643,stephaine@barfield.com
88,Lai,Gato,62,"Fligg, Kenneth I Jr",37 Alabama Ave,Evanston,Cook,847-728-7286,lai.gato@gato.org
89,Stephen,Emigh,63,"Sharp, J Daniel Esq",3777 E Richmond St #900,Akron,Summit,330-537-5358,stephen_emigh@hotmail.com
90,Tyra,Shields,75,"Assink, Anne H Esq",3 Fort Worth Ave,Philadelphia,Philadelphia,215-255-1641,tshields@gmail.com
91,Tammara,Wardrip,63,Jewel My Shop Inc,4800 Black Horse Pike,Burlingame,San Mateo,650-803-1936,twardrip@cox.net
92,Cory,Gibes,42,Chinese Translation Resources,83649 W Belmont Ave,San Gabriel,Los Angeles,626-572-1096,cory.gibes@gmail.com
93,Danica,Bruschke,85,"Stevens, Charles T",840 15th Ave,Waco,McLennan,254-782-8569,danica_bruschke@gmail.com
94,Wilda,Giguere,100,"Mclaughlin, Luther W Cpa",1747 Calle Amanecer #2,Anchorage,Anchorage,907-870-5536,wilda@cox.net
95,Elvera,Benimadho,45,Tree Musketeers,99385 Charity St #840,San Jose,Santa Clara,408-703-8505,elvera.benimadho@cox.net
96,Carma,Vanheusen,95,Springfield Div Oh Edison Co,68556 Central Hwy,San Leandro,Alameda,510-503-7169,carma@cox.net
97,Malinda,Hochard,78,Logan Memorial Hospital,55 Riverside Ave,Indianapolis,Marion,317-722-5066,malinda.hochard@yahoo.com
98,Natalie,Fern,25,"Kelly, Charles G Esq",7140 University Ave,Rock Springs,Sweetwater,307-704-8713,natalie.fern@hotmail.com
99,Lisha,Centini,78,Industrial Paper Shredders Inc,64 5th Ave #1153,Mc Lean,Fairfax,703-235-3937,lisha@centini.org
100,Cerma,Vanausen,32,Springfieeld Div Oh Edisson Co,68356 Central Hwy,Saan Leeandro,Alamedaa,510-503-7188,cerma@cox.net
